Workbook

Sheet relevamiento_educacion
A1: cueanexo | B1: NIVEL | C1: ESCUELA | D1: NOMBRE | E1: DIRECCIÓN | F1: X | G1: Y | H1: MAIL/CONTACTO | I1: GESTIÓN | J1: TURNO | K1: SITUACIÓN DE MAPEO | L1: CUPOS SAE 2024 INICIAL | M1: CUPOS SAE 2024 FINAL | N1: CUPOS SAE 2025 INICIAL
A2: 0117SC0001 | B2: ESPECIAL | C2: CEC 801 | E2: Paso y Lorca s/n | F2: -58.5415 | G2: -34.6237 | H2: cec801tresdefebrero@abc.gob.ar | I2: PBA | J2: M-T | K2: Validado | L2: =VLOOKUP(C2,'Hoja 5'!$A$2:$D$135,2,FALSE()) -> 120 | M2: =VLOOKUP(C2,'Hoja 5'!$A$2:$D$135,3,FALSE()) -> 120 | N2: =VLOOKUP(C2,'Hoja 5'!$A$2:$D$135,4,FALSE()) -> 120
A3: 0117FC0123 | B3: ESPECIAL | C3: CEF 123 | E3: Lisandro de la Torre 3855 | F3: -58.5582 | G3: -34.6187 | H3: cef123tresdefebrero@abc.gob.ar | I3: PBA | J3: M-T-V | K3: Validado | L3: =VLOOKUP(C3,'Hoja 5'!$A$2:$D$135,2,FALSE()) -> 90 | M3: =VLOOKUP(C3,'Hoja 5'!$A$2:$D$135,3,FALSE()) -> 130 | N3: =VLOOKUP(C3,'Hoja 5'!$A$2:$D$135,4,FALSE()) -> 130
A4: 0117EE0501 | B4: ESPECIAL | C4: EE 501 | E4: Labardén y Bolivia | F4: -58.5563 | G4: -34.6173 | H4: especial501tresdefebrero@abc.gob.ar | I4: PBA | J4: M-T | K4: Validado | L4: =VLOOKUP(C4,'Hoja 5'!$A$2:$D$135,2,FALSE()) -> 150 | M4: =VLOOKUP(C4,'Hoja 5'!$A$2:$D$135,3,FALSE()) -> 161 | N4: =VLOOKUP(C4,'Hoja 5'!$A$2:$D$135,4,FALSE()) -> 165
A5: 0117EE0502 | B5: ESPECIAL | C5: EE 502 | E5: Sgto.Palma 1333 | F5: -58.5827 | G5: -34.5849 | H5: especial502tresdefebrero@abc.gob.ar | I5: PBA | J5: M-T | K5: Validado | L5: =VLOOKUP(C5,'Hoja 5'!$A$2:$D$135,2,FALSE()) -> 77 | M5: =VLOOKUP(C5,'Hoja 5'!$A$2:$D$135,3,FALSE()) -> 90 | N5: =VLOOKUP(C5,'Hoja 5'!$A$2:$D$135,4,FALSE()) -> 90
A6: 0117EE0503 | B6: ESPECIAL | C6: EE 503 | E6: Sarmiento 4460 | F6: -58.5668 | G6: -34.6252 | H6: especial503tresdefebrero@abc.gob.ar | I6: PBA | J6: M-T | K6: Validado | L6: =VLOOKUP(C6,'Hoja 5'!$A$2:$D$135,2,FALSE()) -> 120 | M6: =VLOOKUP(C6,'Hoja 5'!$A$2:$D$135,3,FALSE()) -> 163 | N6: =VLOOKUP(C6,'Hoja 5'!$A$2:$D$135,4,FALSE()) -> 163
A7: 0117PP0001 | B7: PRIMARIA | C7: EP 01 | E7: W. de Tata 4930 | F7: -58.5664 | G7: -34.6014 | H7: primaria1tresdefebrero@abc.gob.ar | I7: PBA | J7: M | K7: Validado | L7: =VLOOKUP(C7,'Hoja 5'!$A$2:$D$135,2,FALSE()) -> 80 | M7: =VLOOKUP(C7,'Hoja 5'!$A$2:$D$135,3,FALSE()) -> 78 | N7: =VLOOKUP(C7,'Hoja 5'!$A$2:$D$135,4,FALSE()) -> 88
A8: 0117PP0002 | B8: PRIMARIA | C8: EP 02 | E8: Urquiza 4417 | F8: -58.5574 | G8: -34.606 | H8: primaria2tresdefebrero@abc.gob.ar | I8: PBA | J8: T | K8: Validado | L8: =VLOOKUP(C8,'Hoja 5'!$A$2:$D$135,2,FALSE()) -> 110 | M8: =VLOOKUP(C8,'Hoja 5'!$A$2:$D$135,3,FALSE()) -> 116 | N8: =VLOOKUP(C8,'Hoja 5'!$A$2:$D$135,4,FALSE()) -> 100
A9: 0117PP0003 | B9: PRIMARIA | C9: EP 03 | E9: Garcia Lorca 2768 | F9: -58.5365 | G9: -34.6203 | H9: primaria3tresdefebrero@abc.gob.ar | I9: PBA | J9: J-C | K9: Validado | L9: =VLOOKUP(C9,'Hoja 5'!$A$2:$D$135,2,FALSE()) -> 272 | M9: =VLOOKUP(C9,'Hoja 5'!$A$2:$D$135,3,FALSE()) -> 270 | N9: =VLOOKUP(C9,'Hoja 5'!$A$2:$D$135,4,FALSE()) -> 270
A10: 0117PP0004 | B10: PRIMARIA | C10: EP 04 | E10: Puán 4851 | F10: -58.5654 | G10: -34.6148 | H10: primaria4tresdefebrero@abc.gob.ar | I10: PBA | J10: M-T | K10: Validado | L10: =VLOOKUP(C10,'Hoja 5'!$A$2:$D$135,2,FALSE()) -> 216 | M10: =VLOOKUP(C10,'Hoja 5'!$A$2:$D$135,3,FALSE()) -> 216 | N10: =VLOOKUP(C10,'Hoja 5'!$A$2:$D$135,4,FALSE()) -> 209
A11: 0117PP0005 | B11: PRIMARIA | C11: EP 05 | E11: Larralde 1521 | F11: -58.5679 | G11: -34.5957 | H11: primaria5tresdefebrero@abc.gob.ar | I11: PBA | J11: M-T | K11: Validado | L11: =VLOOKUP(C11,'Hoja 5'!$A$2:$D$135,2,FALSE()) -> 426 | M11: =VLOOKUP(C11,'Hoja 5'!$A$2:$D$135,3,FALSE()) -> 390 | N11: =VLOOKUP(C11,'Hoja 5'!$A$2:$D$135,4,FALSE()) -> 300
A12: 0117PP0006 | B12: PRIMARIA | C12: EP 06 | E12: Almafuerte 3390 | F12: -58.5443 | G12: -34.6036 | H12: primaria6tresdefebrero@abc.gob.ar | I12: PBA | J12: M | K12: Validado | L12: =VLOOKUP(C12,'Hoja 5'!$A$2:$D$135,2,FALSE()) -> 115 | M12: =VLOOKUP(C12,'Hoja 5'!$A$2:$D$135,3,FALSE()) -> 102 | N12: =VLOOKUP(C12,'Hoja 5'!$A$2:$D$135,4,FALSE()) -> 102
A13: 0117PP0007 | B13: PRIMARIA | C13: EP 07 | E13: Spandonari 3369 | F13: -58.5771 | G13: -34.6133 | H13: primaria7tresdefebrero@abc.gob.ar | I13: PBA | J13: M-T | K13: Validado | L13: =VLOOKUP(C13,'Hoja 5'!$A$2:$D$135,2,FALSE()) -> 278 | M13: =VLOOKUP(C13,'Hoja 5'!$A$2:$D$135,3,FALSE()) -> 268 | N13: =VLOOKUP(C13,'Hoja 5'!$A$2:$D$135,4,FALSE()) -> 252
... A135: 0117MT0003 | B135: SECUNDARIA | C135: TEC 3 | E135: Emancipador 10080 | F135: -58.6125 | G135: -34.5584 | H135: eest3tresdefebrero@abc.gob.ar | I135: PBA | J135: T-V | K135: Validado | L135: =VLOOKUP(C135,'Hoja 5'!$A$2:$D$135,2,FALSE()) -> 830 | M135: =VLOOKUP(C135,'Hoja 5'!$A$2:$D$135,3,FALSE()) -> 759 | N135: =VLOOKUP(C135,'Hoja 5'!$A$2:$D$135,4,FALSE()) -> 759
A136: 3117JI6374 | B136: JARDIN | C136: JM ALADINO | E136: Asuncion 2463 | F136: -58.5364 | G136: -34.6161 | H136: jardinmunicipalaladino@gmail.com | I136: MUNICIPAL | K136: Validado
A137: 3117JI1252 | B137: JARDIN | C137: JM ANTEOJITO | E137: Abdón Garcia 4592 | F137: -58.5538 | G137: -34.6328 | H137: anteojito1252@hotmail.com | I137: MUNICIPAL | K137: Validado
A138: 3117JI6373 | B138: JARDIN | C138: JM ARDILLITAS TRAVIESAS | E138: Guamini 5250 * | F138: -58.5727 | G138: -34.617 | H138: ardillitastraviesas63@gmail.com | I138: MUNICIPAL | K138: Validado
A139: 3117JI1784 | B139: JARDIN | C139: JM ARENALES | E139: Av. Militar 3371 * | F139: -58.545 | G139: -34.6225 | H139: jardinarenales@yahoo.com.ar | I139: MUNICIPAL | K139: Validado
A140: 3117JI1279 | B140: JARDIN | C140: JM BAMBI | E140: Dante 4580 | F140: -58.5596 | G140: -34.5979 | H140: paula_berazategui@yahoo.com.ar | I140: MUNICIPAL | K140: Validado
A141: 3117JI6372 | B141: JARDIN | C141: JM BICHITO DE LUZ | E141: Ramallo 5201 | F141: -58.5725 | G141: -34.6262 | H141: jardinmunicipalbichitodeluz@outlook.com | I141: MUNICIPAL | K141: Validado
A142: 3117JI1274 | B142: JARDIN | C142: JM CAMINITO | E142: Angel Pini 5238 | F142: -58.5725 | G142: -34.6191 | H142: amarellemg2@gmail.com | I142: MUNICIPAL | K142: Validado
A143: 3117JI1542 | B143: JARDIN | C143: JM CEBOLLITAS | E143: Padre Elizalde 102 | F143: -58.5425 | G143: -34.6386 | H143: jmcebollitas1542@gmail.com | I143: MUNICIPAL | K143: Validado
A144: 3117JI2087 | B144: JARDIN | C144: JM DESPERTAR | E144: Churruca 10126 | F144: -58.6176 | G144: -34.5621 | H144: jmdespertar@gmail.com | I144: MUNICIPAL | K144: Validado
A145: 3117JI1258 | B145: JARDIN | C145: JM DUMBO | E145: N.S.d.La Merced 3464 | F145: -58.547 | G145: -34.6143 | H145: jardinmunicipaldumbo@gmail.com | I145: MUNICIPAL | K145: Validado
A146: 3117JI2193 | B146: JARDIN | C146: JM EL GAUCHITO | E146: El Gaucho y Salguero (Salguero 660) | F146: -58.6124 | G146: -34.5552 | H146: elgauchito2193@gmail.com | I146: MUNICIPAL | K146: Validado
A147: 3117JI2748 | B147: JARDIN | C147: JM EL LIBERTADOR | E147: S.d.Est. y Emancipador (Stiago del estero 900) | F147: -58.612 | G147: -34.559 | H147: jmunicipalellibertador@gmail.com | I147: MUNICIPAL | K147: Validado
... A162: 3117JM6375 | B162: JARDIN | C162: JM TERNURITAS | E162: José Murias y Alberdi (Alberdi 4850) | F162: -58.5654 | G162: -34.6037 | H162: jternuritas@gmail.com | I162: MUNICIPAL | K162: Validado
B163: DISPOSITIVO | C163: UDI Mi Mamita | E163: El gaucho y Salguero | F163: -58.6129 | G163: -34.5552 | H163: equipotecnicomimamita@gmail.com | I163: MUNICIPAL | K163: Validado
B164: DISPOSITIVO | C164: UDI Mi Refugio | E164: Dardo Rocha y Besares | F164: -58.53981 | G164: -34.6193 | H164: udimirefugio@gmail.com | I164: MUNICIPAL | K164: Validado
B165: DISPOSITIVO | C165: UDI Mi Nueva Esperanza | E165: Cerro Olivares y Volcan San Jose | F165: -58.5597 | G165: -34.6159 | H165: udiminuevaesperanza3f@gmail.com | I165: MUNICIPAL | K165: Validado
B166: DISPOSITIVO | C166: EPI Mi Casita | E166: Gabino Ezeiza 10050 | F166: -58.6156 | G166: -34.56122 | H166: Coordinacionepis3f@gmail.com | I166: MUNICIPAL | K166: Validado
B167: DISPOSITIVO | C167: EPI Estrella de Belén | E167: Necochea y Richieri s/n | F167: -58.5376 | G167: -34.6218 | H167: Coordinacionepis3f@gmail.com | I167: MUNICIPAL | K167: Validado
B168: DISPOSITIVO | C168: EPI Caseritos | E168: Volcan san José 4550 | F168: -58.56015 | G168: -34.616 | H168: Coordinacionepis3f@gmail.com | I168: MUNICIPAL | K168: Validado
B169: DISPOSITIVO | C169: ENVIÓN Libertador | E169: miramar 815 | F169: -58.6178 | G169: -34.5525 | H169: envion.libertador@gmail.com | I169: MUNICIPAL | K169: Validado
B170: DISPOSITIVO | C170: ENVIÓN Ejercito | E170: marcelo t de alvear 3386 | F170: -58.5472 | G170: -34.6193 | H170: envionejercito@gmail.com | I170: MUNICIPAL | K170: Validado
B171: DISPOSITIVO | C171: ENVIÓN Evita | E171: labarden 4255 | F171: -58.5556 | G171: -34.61707 | H171: envionbarrioevita@gmail.com | I171: MUNICIPAL | K171: Validado
B172: DISPOSITIVO | C172: TALLER PROTEGIDO | E172: Betharram 1542 | F172: -58.588 | G172: -34.58346 | H172: miriveraparedes@gmail.com | I172: MUNICIPAL | K172: Validado
A173: 0117DE0701 | B173: ADULTOS | C173: EPA 701 | E173: Urquiza 4694 | F173: -58.5619 | G173: -34.606 | I173: PBA | K173: Validado
A174: 0117DE0702 | B174: ADULTOS | C174: EPA 702 | E174: Iguazú 10494 | F174: -58.6203 | G174: -34.5592 | I174: PBA | K174: Validado
A175: 0117DE0703 | B175: ADULTOS | C175: EPA 703 | E175: Necochea y Ricchieri | F175: -58.5375 | G175: -34.6236 | I175: PBA | K175: Validado
A176: 0117DE0704 | B176: ADULTOS | C176: EPA 704 | E176: Pte Peron y Juan Pablo II | F176: -58.6003 | G176: -34.5823 | I176: PBA | K176: Validado
A177: 0117DE0711 | B177: ADULTOS | C177: EPA 711 | E177: Puerto Argentino 2208 | F177: -58.6157 | G177: -34.5729 | I177: PBA | K177: Validado
A178: 0117DC0712 | B178: ADULTOS | C178: CEA 712/01 | E178: Almafuerte 3390 | F178: -58.544 | G178: -34.6036 | I178: PBA | K178: Validado
A179: 0117DM0451 | B179: ADULTOS | C179: CENS 451 | E179: Puerto Argentino 2208 | F179: -58.6157 | G179: -34.5729 | I179: PBA | K179: Validado
A180: 0117DM0452 | B180: ADULTOS | C180: CENS 452 | E180: W. de Tata 4930 | F180: -58.5664 | G180: -34.6014 | I180: PBA | K180: Validado
A181: 0117DM0453 | B181: ADULTOS | C181: CENS 453 | E181: Tres Lomas 514 | F181: -58.5352 | G181: -34.6324 | I181: PBA | K181: Validado
A182: 0117DM0454 | B182: ADULTOS | C182: CENS 454 | E182: José Ingenieros 1605 | F182: -58.5335 | G182: -34.6187 | I182: PBA | K182: Validado
A183: 0117DM0455 | B183: ADULTOS | C183: CENS 455 | E183: Paso y Lorca | F183: -58.5426 | G183: -34.6242 | I183: PBA | K183: Validado
A184: 0117DM0456 | B184: ADULTOS | C184: CENS 456 | E184: Lisandro de la Torre 2545 | F184: -58.5574 | G184: -34.6055 | I184: PBA | K184: Validado
... A186: 0117DM0458 | B186: ADULTOS | C186: CENS 458 | E186: Perú y Labarden | F186: -58.5552 | G186: -34.6182 | I186: PBA | K186: Validado
B187: ESPECIAL | C187: EMMU | E187: Valentín Gómez 4728 | I187: MUNICIPAL
B188: ESPECIAL | C188: EMAC | E188: Av. Urquiza 4742 | I188: MUNICIPAL
A189: 3117IS2989 | B189: ESPECIAL | C189: CAPACYT | E189: Escultor Santiago Parodi 4056 | I189: MUNICIPAL
A190: 4117PP0575 | B190: PRIMARIA | C190: COLEGIO CRISTO REY | E190: Fray Justo Santa Maria de Oro 4760 | F190: -58.56254 | G190: -34.596034 | H190: info@institutocristorey.com.ar | I190: PRIVADA | K190: Validado | O190: =CONCATENATE(E190,";"," Tres de Febrero",";"," Argentina") -> Fray Justo Santa Maria de Oro 4760; Tres de Febrero; Argentina
A191: 4117PP5658 | B191: PRIMARIA | C191: COLEGIO DEL CENTRO | E191: A. Ferreyra 2744 | F191: -58.564772 | G191: -34.607326 | H191: wcentro@yahoo.com.ar | I191: PRIVADA | K191: Validado | O191: =CONCATENATE(E191,";"," Tres de Febrero",";"," Argentina") -> A. Ferreyra 2744; Tres de Febrero; Argentina
A192: 4117JI5479 | B192: JARDIN | C192: COLEGIO DEL CENTRO | E192: A. Ferreyra 2744 | F192: -58.564772 | G192: -34.607326 | H192: wcentro@yahoo.com.ar | I192: PRIVADA | K192: Validado | O192: =CONCATENATE(E192,";"," Tres de Febrero",";"," Argentina") -> A. Ferreyra 2744; Tres de Febrero; Argentina
A193: 4117MS7863 | B193: SECUNDARIA | C193: COLEGIO DEL CENTRO | E193: A. Ferreyra 2744 | F193: -58.564772 | G193: -34.607326 | H193: wcentro@yahoo.com.ar | I193: PRIVADA | K193: Validado | O193: =CONCATENATE(E193,";"," Tres de Febrero",";"," Argentina") -> A. Ferreyra 2744; Tres de Febrero; Argentina
A194: 4117JI1357 | B194: PRIMARIA | C194: COLEGIO PADRE VICENTE GROSSI | E194: PUAN E/ PERU Y BOLIVIA 4066 | F194: -58.554494 | G194: -34.616387 | H194: colegiogrossi@arnetbit.com.ar | I194: PRIVADA | K194: Validado | O194: =CONCATENATE(E194,";"," Tres de Febrero",";"," Argentina") -> PUAN E/ PERU Y BOLIVIA 4066; Tres de Febrero; Argentina
A195: 4117PP0647 | B195: PRIMARIA | C195: COLEGIO PARROQUIAL SAN FRANCISCO JAVIER | E195: PJE. PAZZELLI 3368 VILLA MATHIEU | F195: -58.575855 | G195: -34.613392 | H195: parroquiasfranciscojavier@gmail.com | I195: PRIVADA | K195: Validado | O195: =CONCATENATE(E195,";"," Tres de Febrero",";"," Argentina") -> PJE. PAZZELLI 3368 VILLA MATHIEU; Tres de Febrero; Argentina
A196: 4117EL3592 | B196: ESPECIAL | C196: CTRO. DE FORMACION LABORAL ARCO IRIS | E196: CASEROS 2756 | H196: secretaria@centrodediaarcoiris.com.ar | I196: PRIVADA | O196: =CONCATENATE(E196,";"," Tres de Febrero",";"," Argentina") -> CASEROS 2756; Tres de Febrero; Argentina
A197: 4117EE2732 | B197: ESPECIAL | C197: ESCUELA DE RECUPERACION CASEROS | E197: FISCHETTI 4461 | H197: eecaseros@gmail.com | I197: PRIVADA | O197: =CONCATENATE(E197,";"," Tres de Febrero",";"," Argentina") -> FISCHETTI 4461; Tres de Febrero; Argentina
A198: 4117PP0588 | B198: PRIMARIA | C198: INSTITUTO ABATE JOSE REY | E198: J.B.ALBERTI E/ HORNOS Y CURAPALIGUE 5051 | F198: -58.56816 | G198: -34.602545 | H198: abatejosereyinicial@gmail.com | I198: PRIVADA | K198: Validado | O198: =CONCATENATE(E198,";"," Tres de Febrero",";"," Argentina") -> J.B.ALBERTI E/ HORNOS Y CURAPALIGUE 5051; Tres de Febrero; Argentina
A199: 4117MS4922 | B199: SECUNDARIA | C199: INSTITUTO ABATE JOSE REY | E199: JUAN BAUTISTA ALBERDI 5051 | F199: -58.56816 | G199: -34.602545 | H199: abatejosereyinicial@gmail.com | I199: PRIVADA | K199: Validado | O199: =CONCATENATE(E199,";"," Tres de Febrero",";"," Argentina") -> JUAN BAUTISTA ALBERDI 5051; Tres de Febrero; Argentina
A200: 4117MS4933 | B200: SECUNDARIA | C200: INSTITUTO BEATO VICENTE GROSSI | E200: PUAN 4066 | F200: -58.554494 | G200: -34.616387 | H200: colegiogrossi@arnetbit.com.ar | I200: PRIVADA | K200: Validado | O200: =CONCATENATE(E200,";"," Tres de Febrero",";"," Argentina") -> PUAN 4066; Tres de Febrero; Argentina
A201: 4117PP0572 | B201: PRIMARIA | C201: INSTITUTO CARDOSO | E201: WENCESLAO H. DE TATA 4635 | F201: -58.560791 | G201: -34.601209 | H201: instituto.cardoso52@gmail.com | I201: PRIVADA | K201: Validado | O201: =CONCATENATE(E201,";"," Tres de Febrero",";"," Argentina") -> WENCESLAO H. DE TATA 4635; Tres de Febrero; Argentina
A202: 4117MS7136 | B202: SECUNDARIA | C202: INSTITUTO CARDOSO | E202: WENCESLAO DE TATA 4635 | F202: -58.560791 | G202: -34.601209 | H202: instituto.cardoso52@gmail.com | I202: PRIVADA | K202: Validado | O202: =CONCATENATE(E202,";"," Tres de Febrero",";"," Argentina") -> WENCESLAO DE TATA 4635; Tres de Febrero; Argentina
A203: 4117JI3728 | B203: JARDIN | C203: INSTITUTO CARDOSO | E203: WENCESLAO DE TATA 4635 | F203: -58.560791 | G203: -34.601209 | H203: instituto.cardoso52@gmail.com | I203: PRIVADA | K203: Validado | O203: =CONCATENATE(E203,";"," Tres de Febrero",";"," Argentina") -> WENCESLAO DE TATA 4635; Tres de Febrero; Argentina
A204: 4117PP0989 | B204: PRIMARIA | C204: INSTITUTO CEFERINO NAMUNCURA | E204: OLAVARRIA E/ MITRE Y MERLO 3061 | F204: -58.5715 | G204: -34.610393 | H204: icn_educacion@yahoo.com.ar | I204: PRIVADA | K204: Validado | O204: =CONCATENATE(E204,";"," Tres de Febrero",";"," Argentina") -> OLAVARRIA E/ MITRE Y MERLO 3061; Tres de Febrero; Argentina
A205: 4117MS4927 | B205: SECUNDARIA | C205: INSTITUTO CEFERINO NAMUNCURA | E205: OLAVARRIA 3061 | F205: -58.5715 | G205: -34.610393 | H205: icn_educacion@yahoo.com.ar | I205: PRIVADA | K205: Validado | O205: =CONCATENATE(E205,";"," Tres de Febrero",";"," Argentina") -> OLAVARRIA 3061; Tres de Febrero; Argentina
A206: 4117MS4924 | B206: SECUNDARIA | C206: INSTITUTO CRISTO REY | E206: AV.SAN MARTIN 1555 | F206: -58.56254 | G206: -34.596034 | I206: PRIVADA | K206: Validado | O206: =CONCATENATE(E206,";"," Tres de Febrero",";"," Argentina") -> AV.SAN MARTIN 1555; Tres de Febrero; Argentina
A207: 4117PP0574 | B207: PRIMARIA | C207: INSTITUTO EVANGELICO AMERICANO | E207: BELGRANO E/AV. SAN MARTIN Y AV MAGDALE 4720 | F207: -58.562657 | G207: -34.607188 | I207: PRIVADA | K207: Validado | O207: =CONCATENATE(E207,";"," Tres de Febrero",";"," Argentina") -> BELGRANO E/AV. SAN MARTIN Y AV MAGDALE 4720; Tres de Febrero; Argentina
A208: 4117MS7871 | B208: SECUNDARIA | C208: INSTITUTO EVANGELICO AMERICANO | E208: BELGRANO E/ SAN MARTIN Y 3 DE FEBRERO 4720 | F208: -58.562657 | G208: -34.607188 | I208: PRIVADA | K208: Validado | O208: =CONCATENATE(E208,";"," Tres de Febrero",";"," Argentina") -> BELGRANO E/ SAN MARTIN Y 3 DE FEBRERO 4720; Tres de Febrero; Argentina
A209: 4117JI7641 | B209: JARDIN | C209: INSTITUTO EVANGELICO AMERICANO | E209: BELGRANO 4720 | F209: -58.562657 | G209: -34.607188 | I209: PRIVADA | K209: Validado | O209: =CONCATENATE(E209,";"," Tres de Febrero",";"," Argentina") -> BELGRANO 4720; Tres de Febrero; Argentina
A210: 4117MS6870 | B210: SECUNDARIA | C210: INSTITUTO JOSE INGENIEROS | E210: FRAY M ESQUIU E/ BALDINI Y POTOSI 5230 | F210: -58.571054 | G210: -34.598095 | I210: PRIVADA | K210: Validado | O210: =CONCATENATE(E210,";"," Tres de Febrero",";"," Argentina") -> FRAY M ESQUIU E/ BALDINI Y POTOSI 5230; Tres de Febrero; Argentina
A211: 4117PP0582 | B211: PRIMARIA | C211: INSTITUTO NUESTRA SEÑORA DE LA MERCED | E211: NUESTRA SEÑORA DE LA MERCED 4624 | F211: -58.561243 | G211: -34.609212 | I211: PRIVADA | K211: Validado | O211: =CONCATENATE(E211,";"," Tres de Febrero",";"," Argentina") -> NUESTRA SEÑORA DE LA MERCED 4624; Tres de Febrero; Argentina
A212: 4117MS4918 | B212: SECUNDARIA | C212: INSTITUTO NUESTRA SEÑORA DE LA MERCED | E212: NTRA.SRA.DE LA MERCED 4624 | F212: -58.561243 | G212: -34.609212 | I212: PRIVADA | K212: Validado | O212: =CONCATENATE(E212,";"," Tres de Febrero",";"," Argentina") -> NTRA.SRA.DE LA MERCED 4624; Tres de Febrero; Argentina
B213: PRIMARIA | C213: INSTITUTO SAN JOSE OBRERO | E213: PJE. RAFAEL PAZZELLI 3368 | F213: -58.615665 | G213: -34.563021 | I213: PRIVADA | K213: Validado | O213: =CONCATENATE(E213,";"," Tres de Febrero",";"," Argentina") -> PJE. RAFAEL PAZZELLI 3368; Tres de Febrero; Argentina
A214: 4117IS5899 | B214: ADULTOS | C214: INSTITUTO SUPERIOR DE PERIODISMO DEPORTIVO | E214: DR. AMADEO SABATINI 4991 | I214: PRIVADA | O214: =CONCATENATE(E214,";"," Tres de Febrero",";"," Argentina") -> DR. AMADEO SABATINI 4991; Tres de Febrero; Argentina
A215: 4117IS8000 | B215: ADULTOS | C215: INSTITUTO TECNOLÓGICO U.O.M. | E215: WENCESLAO DE TATA 4924 | I215: PRIVADA | O215: =CONCATENATE(E215,";"," Tres de Febrero",";"," Argentina") -> WENCESLAO DE TATA 4924; Tres de Febrero; Argentina
A216: 4117JI2091 | B216: JARDIN | C216: JARDIN CRISTO REY | E216: AV. FRAY JUSTO SANTA MARIA DE ORO 4750 | F216: -58.56254 | G216: -34.596034 | I216: PRIVADA | K216: Validado | O216: =CONCATENATE(E216,";"," Tres de Febrero",";"," Argentina") -> AV. FRAY JUSTO SANTA MARIA DE ORO 4750; Tres de Febrero; Argentina
A217: 4117JI1469 | B217: JARDIN | C217: JARDIN DE INFANTES ABATE JOSE REY | E217: JUAN BAUTISTA ALBERDI 5051 | F217: -58.56816 | G217: -34.602545 | I217: PRIVADA | K217: Validado | O217: =CONCATENATE(E217,";"," Tres de Febrero",";"," Argentina") -> JUAN BAUTISTA ALBERDI 5051; Tres de Febrero; Argentina
A218: 4117JI1467 | B218: JARDIN | C218: JARDIN DE INFANTES EL DIENTITO FLOJO | E218: MAESTRA BALDINI 1861 | I218: PRIVADA | O218: =CONCATENATE(E218,";"," Tres de Febrero",";"," Argentina") -> MAESTRA BALDINI 1861; Tres de Febrero; Argentina
A219: 4117JI7793 | B219: JARDIN | C219: JARDIN DE INFANTES EL NUEVO ARLEQUIN | E219: JUAN BAUTISTA ALBERDI 4961 | I219: PRIVADA | O219: =CONCATENATE(E219,";"," Tres de Febrero",";"," Argentina") -> JUAN BAUTISTA ALBERDI 4961; Tres de Febrero; Argentina
A220: 4117JI7793 | B220: JARDIN | C220: JARDIN DE INFANTES EL RATON MIGUEL | E220: LA MERCED 4443 | I220: PRIVADA | O220: =CONCATENATE(E220,";"," Tres de Febrero",";"," Argentina") -> LA MERCED 4443; Tres de Febrero; Argentina
A221: 4117JI1357 | B221: JARDIN | C221: JARDIN DE INFANTES PADRE VICENTE GROSSI | E221: JUAN DE GARAY 4151 | I221: PRIVADA | O221: =CONCATENATE(E221,";"," Tres de Febrero",";"," Argentina") -> JUAN DE GARAY 4151; Tres de Febrero; Argentina
A222: 4117JI1465 | B222: JARDIN | C222: JARDIN DE INFANTES SAN FRANCISCO JAVIER | E222: RAFAEL PAZZELLI (EX IRALA) 3368 | I222: PRIVADA | O222: =CONCATENATE(E222,";"," Tres de Febrero",";"," Argentina") -> RAFAEL PAZZELLI (EX IRALA) 3368; Tres de Febrero; Argentina
A223: 4117PP1070 | B223: PRIMARIA | C223: JOSE INGENIEROS | E223: FRAY M ESQUIU E/ BALDINI Y POTOSI 5230 | F223: -58.571054 | G223: -34.598095 | I223: PRIVADA | K223: Validado | O223: =CONCATENATE(E223,";"," Tres de Febrero",";"," Argentina") -> FRAY M ESQUIU E/ BALDINI Y POTOSI 5230; Tres de Febrero; Argentina
A224: 4117JI1496 | B224: JARDIN | C224: ALAS | E224: MISIONES 6434 | F224: -58.592082 | G224: -34.605358 | I224: PRIVADA | K224: Validado | O224: =CONCATENATE(E224,";"," Tres de Febrero",";"," Argentina") -> MISIONES 6434; Tres de Febrero; Argentina
A225: 4117PP0573 | B225: PRIMARIA | C225: COLEGIO CIUDAD JARDIN | E225: MATIENZO Y ALAS ARGENTINAS 2799 | I225: PRIVADA | O225: =CONCATENATE(E225,";"," Tres de Febrero",";"," Argentina") -> MATIENZO Y ALAS ARGENTINAS 2799; Tres de Febrero; Argentina
A226: 4117PP1795 | B226: PRIMARIA | C226: ESCUELA ALAS | E226: MISIONES E/ SAN MARTIN Y FORMOSA 6434 | I226: PRIVADA | O226: =CONCATENATE(E226,";"," Tres de Febrero",";"," Argentina") -> MISIONES E/ SAN MARTIN Y FORMOSA 6434; Tres de Febrero; Argentina
A227: 4117PP0583 | B227: PRIMARIA | C227: INSTITUTO PALOMAR DE CASEROS | E227: WERNICKE E/ ZEPELIN Y ALAS ARGENTINAS 2458 | I227: PRIVADA | O227: =CONCATENATE(E227,";"," Tres de Febrero",";"," Argentina") -> WERNICKE E/ ZEPELIN Y ALAS ARGENTINAS 2458; Tres de Febrero; Argentina
A228: 4117MS4941 | B228: SECUNDARIA | C228: INSTITUTO PALOMAR DE CASEROS | E228: AV. WERNICKE 2458 | F228: -58.591552 | G228: -34.595593 | I228: PRIVADA | K228: Validado | O228: =CONCATENATE(E228,";"," Tres de Febrero",";"," Argentina") -> AV. WERNICKE 2458; Tres de Febrero; Argentina
A229: 4117IS4946 | B229: ADULTOS | C229: INSTITUTO SUPERIOR PALOMAR DE CASEROS | E229: AV. WERNICKE 543 CIUDAD JARDIN | I229: PRIVADA | O229: =CONCATENATE(E229,";"," Tres de Febrero",";"," Argentina") -> AV. WERNICKE 543 CIUDAD JARDIN; Tres de Febrero; Argentina
A230: 4117JI1468 | B230: JARDIN | C230: JARDIN CIUDAD JARDIN | E230: MATIENZO 509 Lomas de Palomar | I230: PRIVADA | O230: =CONCATENATE(E230,";"," Tres de Febrero",";"," Argentina") -> MATIENZO 509 Lomas de Palomar; Tres de Febrero; Argentina
A231: 4117JI1496 | B231: JARDIN | C231: JARDIN DE INFANTES LOS PINITOS | E231: MISIONES E/SAN MARTIN Y FORMOSA 6446 | I231: PRIVADA | O231: =CONCATENATE(E231,";"," Tres de Febrero",";"," Argentina") -> MISIONES E/SAN MARTIN Y FORMOSA 6446; Tres de Febrero; Argentina
A232: 4117MS4944 | B232: SECUNDARIA | C232: SECUNDARIO CIUDAD JARDIN | E232: AV. MATIENZO 2799 | F232: -58.593425 | G232: -34.596793 | I232: PRIVADA | K232: Validado | O232: =CONCATENATE(E232,";"," Tres de Febrero",";"," Argentina") -> AV. MATIENZO 2799; Tres de Febrero; Argentina
A233: 4117MS4944 | B233: PRIMARIA | C233: COLEGIO INMACULADA CONCEPCION | E233: MAIPU E/ CHACABUCO Y O'HIGGINS 3737 | F233: -58.53885 | G233: -34.639539 | I233: PRIVADA | K233: Validado | O233: =CONCATENATE(E233,";"," Tres de Febrero",";"," Argentina") -> MAIPU E/ CHACABUCO Y O'HIGGINS 3737; Tres de Febrero; Argentina
A234: 4117MS4944 | B234: PRIMARIA | C234: COLEGIO NUESTRA SEÑORA DE FATIMA | E234: H.YRIGOYEN E/ BESARES Y AV. MILITAR 1661 | I234: PRIVADA | O234: =CONCATENATE(E234,";"," Tres de Febrero",";"," Argentina") -> H.YRIGOYEN E/ BESARES Y AV. MILITAR 1661; Tres de Febrero; Argentina
A235: 4117PP0584 | B235: PRIMARIA | C235: COLEGIO PADRE ELIZALDE | E235: 25 DE MAYO Y JUANA DE ARCO 101 | I235: PRIVADA | O235: =CONCATENATE(E235,";"," Tres de Febrero",";"," Argentina") -> 25 DE MAYO Y JUANA DE ARCO 101; Tres de Febrero; Argentina
A236: 4117PP0584 | B236: PRIMARIA | C236: COLEGIO SAN ANTONIO DE PADUA | E236: GRAL ROCA E/ PASO Y MADERO 3460 | F236: -58.538103 | G236: -34.629019 | I236: PRIVADA | K236: Validado | O236: =CONCATENATE(E236,";"," Tres de Febrero",";"," Argentina") -> GRAL ROCA E/ PASO Y MADERO 3460; Tres de Febrero; Argentina
...
